<application>
  <component name="ProjectJdkTable">
    <jdk version="2">
      <name value="Python 3.6" />
      <type value="Python SDK" />
      <version value="Python 3.6.7" />
      <homePath value="/usr/bin/python3.6" />
      <roots>
        <classPath>
          <root type="composite">
            <root url="file:///usr/lib/python3.6" type="simple" />
            <root url="file:///usr/lib/python3.6/lib-dynload" type="simple" />
            <root url="file://$USER_HOME$/.local/lib/python3.6/site-packages" type="simple" />
            <root url="file://$USER_HOME$/projects/Text_Infilling" type="simple" />
            <root url="file:///usr/local/lib/python3.6/dist-packages" type="simple" />
            <root url="jar:///usr/local/lib/python3.6/dist-packages/pony_plugin_sdk-0.0.2-py3.6.egg!/" type="simple" />
            <root url="file:///usr/lib/python3/dist-packages" type="simple" />
            <root url="file://$USER_HOME$/.PyCharm2018.3/system/python_stubs/-1247971763" type="simple" />
            <root url="file://$APPLICATION_HOME_DIR$/helpers/python-skeletons" type="simple" />
            <root url="file://$APPLICATION_HOME_DIR$/helpers/typeshed/stdlib/3" type="simple" />
            <root url="file://$APPLICATION_HOME_DIR$/helpers/typeshed/stdlib/2and3" type="simple" />
            <root url="file://$APPLICATION_HOME_DIR$/helpers/typeshed/third_party/3" type="simple" />
            <root url="file://$APPLICATION_HOME_DIR$/helpers/typeshed/third_party/2and3" type="simple" />
          </root>
        </classPath>
        <sourcePath>
          <root type="composite" />
        </sourcePath>
      </roots>
      <additional />
    </jdk>
    <jdk version="2">
      <name value="Python 3.6 (test)" />
      <type value="Python SDK" />
      <version value="Python 3.6.7" />
      <homePath value="$USER_HOME$/projects/test/venv/bin/python" />
      <roots>
        <classPath>
          <root type="composite">
            <root url="file:///usr/lib/python3.6" type="simple" />
            <root url="file:///usr/lib/python3.6/lib-dynload" type="simple" />
            <root url="file://$USER_HOME$/projects/test/venv/lib/python3.6/site-packages" type="simple" />
            <root url="jar://$USER_HOME$/projects/test/venv/lib/python3.6/site-packages/setuptools-39.1.0-py3.6.egg!/" type="simple" />
            <root url="file://$USER_HOME$/projects/test/venv/lib/python3.6/site-packages/pip-10.0.1-py3.6.egg" type="simple" />
            <root url="file://$USER_HOME$/.PyCharmCE2018.3/system/python_stubs/2072075011" type="simple" />
            <root url="file://$APPLICATION_HOME_DIR$/helpers/python-skeletons" type="simple" />
            <root url="file://$APPLICATION_HOME_DIR$/helpers/typeshed/stdlib/3" type="simple" />
            <root url="file://$APPLICATION_HOME_DIR$/helpers/typeshed/stdlib/2and3" type="simple" />
            <root url="file://$APPLICATION_HOME_DIR$/helpers/typeshed/third_party/3" type="simple" />
            <root url="file://$APPLICATION_HOME_DIR$/helpers/typeshed/third_party/2and3" type="simple" />
          </root>
        </classPath>
        <sourcePath>
          <root type="composite" />
        </sourcePath>
      </roots>
      <additional ASSOCIATED_PROJECT_PATH="$USER_HOME$/projects/test" />
    </jdk>
    <jdk version="2">
      <name value="Python 3.6 (mask_comments)" />
      <type value="Python SDK" />
      <version value="Python 3.6.7" />
      <homePath value="$USER_HOME$/projects/mask_comments/venv/bin/python" />
      <roots>
        <classPath>
          <root type="composite">
            <root url="file:///usr/lib/python3.6" type="simple" />
            <root url="file:///usr/lib/python3.6/lib-dynload" type="simple" />
            <root url="file://$USER_HOME$/projects/mask_comments/venv/lib/python3.6/site-packages" type="simple" />
            <root url="jar://$USER_HOME$/projects/mask_comments/venv/lib/python3.6/site-packages/setuptools-39.1.0-py3.6.egg!/" type="simple" />
            <root url="file://$USER_HOME$/projects/mask_comments/venv/lib/python3.6/site-packages/pip-10.0.1-py3.6.egg" type="simple" />
            <root url="file://$USER_HOME$/.PyCharmCE2018.3/system/python_stubs/-29891504" type="simple" />
            <root url="file://$APPLICATION_HOME_DIR$/helpers/python-skeletons" type="simple" />
            <root url="file://$APPLICATION_HOME_DIR$/helpers/typeshed/stdlib/3" type="simple" />
            <root url="file://$APPLICATION_HOME_DIR$/helpers/typeshed/stdlib/2and3" type="simple" />
            <root url="file://$APPLICATION_HOME_DIR$/helpers/typeshed/third_party/3" type="simple" />
            <root url="file://$APPLICATION_HOME_DIR$/helpers/typeshed/third_party/2and3" type="simple" />
          </root>
        </classPath>
        <sourcePath>
          <root type="composite" />
        </sourcePath>
      </roots>
      <additional ASSOCIATED_PROJECT_PATH="$USER_HOME$/projects/mask_comments" />
    </jdk>
    <jdk version="2">
      <name value="Remote Python 3.6.8 (sftp://liuchang@192.168.3.11:22/home/liuchang/.conda/envs/liu_tf1.12/bin/python3)" />
      <type value="Python SDK" />
      <version value="Python 3.6.8" />
      <homePath value="sftp://liuchang@192.168.3.11:22/home/liuchang/.conda/envs/liu_tf1.12/bin/python3" />
      <roots>
        <classPath>
          <root type="composite">
            <root url="file://$USER_HOME$/.PyCharm2018.3/system/remote_sources/-2058910101/-1517791399" type="simple" />
            <root url="file://$USER_HOME$/.PyCharm2018.3/system/remote_sources/-2058910101/-4176771" type="simple" />
            <root url="jar://$USER_HOME$/.PyCharm2018.3/system/remote_sources/-2058910101/pony_plugin_sdk-0.0.2-py3.6.egg!/" type="simple" />
            <root url="file://$USER_HOME$/.PyCharm2018.3/system/remote_sources/-2058910101/-167440044" type="simple" />
            <root url="file://$USER_HOME$/.PyCharm2018.3/system/python_stubs/-2058910101" type="simple" />
            <root url="file://$APPLICATION_HOME_DIR$/helpers/python-skeletons" type="simple" />
            <root url="file://$APPLICATION_HOME_DIR$/helpers/typeshed/stdlib/3" type="simple" />
            <root url="file://$APPLICATION_HOME_DIR$/helpers/typeshed/stdlib/2and3" type="simple" />
            <root url="file://$APPLICATION_HOME_DIR$/helpers/typeshed/third_party/3" type="simple" />
            <root url="file://$APPLICATION_HOME_DIR$/helpers/typeshed/third_party/2and3" type="simple" />
          </root>
        </classPath>
        <sourcePath>
          <root type="composite" />
        </sourcePath>
      </roots>
      <additional WEB_SERVER_CONFIG_ID="003919fb-5bda-49fb-ae76-80806e510287" WEB_SERVER_CONFIG_NAME="hpc1" WEB_SERVER_CREDENTIALS_ID="sftp://liuchang@192.168.3.11:22" INTERPRETER_PATH="$USER_HOME$/.conda/envs/liu_tf1.12/bin/python3" HELPERS_PATH="/mnt/raid1/home/liuchang/.pycharm_helpers" INITIALIZED="false" VALID="true" SKELETONS_PATH="" VERSION="Python 3.6.8">
        <PathMappingSettings>
          <option name="pathMappings">
            <list>
              <mapping local-root="$USER_HOME$/.PyCharm2018.3/system/remote_sources/-2058910101/-1517791399" remote-root="/home/liuchang/.conda/envs/liu_tf1.12/lib/python3.6" />
              <mapping local-root="$USER_HOME$/.PyCharm2018.3/system/remote_sources/-2058910101/-4176771" remote-root="/home/liuchang/.conda/envs/liu_tf1.12/lib/python3.6/site-packages" />
              <mapping local-root="$USER_HOME$/.PyCharm2018.3/system/remote_sources/-2058910101/pony_plugin_sdk-0.0.2-py3.6.egg" remote-root="/home/liuchang/.conda/envs/liu_tf1.12/lib/python3.6/site-packages/pony_plugin_sdk-0.0.2-py3.6.egg" />
              <mapping local-root="$USER_HOME$/.PyCharm2018.3/system/remote_sources/-2058910101/-167440044" remote-root="/data/share/liuchang/Text_Infilling" />
            </list>
          </option>
        </PathMappingSettings>
      </additional>
    </jdk>
    <jdk version="2">
      <name value="Remote Python 3.6.8 (sftp://liuchang@192.168.3.12:22/home/liuchang/.conda/envs/liu_tf1.12/bin/python3)" />
      <type value="Python SDK" />
      <version value="Python 3.6.8" />
      <homePath value="sftp://liuchang@192.168.3.12:22/home/liuchang/.conda/envs/liu_tf1.12/bin/python3" />
      <roots>
        <classPath>
          <root type="composite">
            <root url="file://$USER_HOME$/.PyCharm2018.3/system/remote_sources/310523884/-1517791399" type="simple" />
            <root url="file://$USER_HOME$/.PyCharm2018.3/system/remote_sources/310523884/-4176771" type="simple" />
            <root url="jar://$USER_HOME$/.PyCharm2018.3/system/remote_sources/310523884/pony_plugin_sdk-0.0.2-py3.6.egg!/" type="simple" />
            <root url="file://$USER_HOME$/.PyCharm2018.3/system/python_stubs/310523884" type="simple" />
            <root url="file://$APPLICATION_HOME_DIR$/helpers/python-skeletons" type="simple" />
            <root url="file://$APPLICATION_HOME_DIR$/helpers/typeshed/stdlib/3" type="simple" />
            <root url="file://$APPLICATION_HOME_DIR$/helpers/typeshed/stdlib/2and3" type="simple" />
            <root url="file://$APPLICATION_HOME_DIR$/helpers/typeshed/third_party/3" type="simple" />
            <root url="file://$APPLICATION_HOME_DIR$/helpers/typeshed/third_party/2and3" type="simple" />
          </root>
        </classPath>
        <sourcePath>
          <root type="composite" />
        </sourcePath>
      </roots>
      <additional WEB_SERVER_CONFIG_ID="63bc1b88-7f5a-4ea1-95e0-7f40918ebfce" WEB_SERVER_CONFIG_NAME="hpc2" WEB_SERVER_CREDENTIALS_ID="sftp://liuchang@192.168.3.12:22" INTERPRETER_PATH="$USER_HOME$/.conda/envs/liu_tf1.12/bin/python3" HELPERS_PATH="/mnt/raid2/home/liuchang/.pycharm_helpers" INITIALIZED="false" VALID="true" SKELETONS_PATH="" VERSION="">
        <PathMappingSettings>
          <option name="pathMappings">
            <list>
              <mapping local-root="$USER_HOME$/.PyCharm2018.3/system/remote_sources/310523884/-1517791399" remote-root="/home/liuchang/.conda/envs/liu_tf1.12/lib/python3.6" />
              <mapping local-root="$USER_HOME$/.PyCharm2018.3/system/remote_sources/310523884/-4176771" remote-root="/home/liuchang/.conda/envs/liu_tf1.12/lib/python3.6/site-packages" />
              <mapping local-root="$USER_HOME$/.PyCharm2018.3/system/remote_sources/310523884/pony_plugin_sdk-0.0.2-py3.6.egg" remote-root="/home/liuchang/.conda/envs/liu_tf1.12/lib/python3.6/site-packages/pony_plugin_sdk-0.0.2-py3.6.egg" />
            </list>
          </option>
        </PathMappingSettings>
      </additional>
    </jdk>
    <jdk version="2">
      <name value="Remote Python 3.6.8 (sftp://liuchang@192.168.3.13:22/opt/anaconda/anaconda3/envs/tf1.12/bin/python3.6)" />
      <type value="Python SDK" />
      <version value="Python 3.6.8" />
      <homePath value="sftp://liuchang@192.168.3.13:22/opt/anaconda/anaconda3/envs/tf1.12/bin/python3.6" />
      <roots>
        <classPath>
          <root type="composite">
            <root url="file://$USER_HOME$/.PyCharm2018.3/system/remote_sources/1335313691/1080555007" type="simple" />
            <root url="file://$USER_HOME$/.PyCharm2018.3/system/remote_sources/1335313691/1480214691" type="simple" />
            <root url="file://$USER_HOME$/.PyCharm2018.3/system/remote_sources/1335313691/49992273" type="simple" />
            <root url="file://$USER_HOME$/.PyCharm2018.3/system/remote_sources/1335313691/757514249" type="simple" />
            <root url="file://$USER_HOME$/.PyCharm2018.3/system/python_stubs/1335313691" type="simple" />
            <root url="file://$APPLICATION_HOME_DIR$/helpers/python-skeletons" type="simple" />
            <root url="file://$APPLICATION_HOME_DIR$/helpers/typeshed/stdlib/3" type="simple" />
            <root url="file://$APPLICATION_HOME_DIR$/helpers/typeshed/stdlib/2and3" type="simple" />
            <root url="file://$APPLICATION_HOME_DIR$/helpers/typeshed/third_party/3" type="simple" />
            <root url="file://$APPLICATION_HOME_DIR$/helpers/typeshed/third_party/2and3" type="simple" />
          </root>
        </classPath>
        <sourcePath>
          <root type="composite" />
        </sourcePath>
      </roots>
      <additional WEB_SERVER_CONFIG_ID="dd7e4ec6-f3fe-468f-bf59-16de9d73abbc" WEB_SERVER_CONFIG_NAME="hpc3" WEB_SERVER_CREDENTIALS_ID="sftp://liuchang@192.168.3.13:22" INTERPRETER_PATH="/opt/anaconda/anaconda3/envs/tf1.12/bin/python3.6" HELPERS_PATH="/mnt/raid3/home/liuchang/.pycharm_helpers" INITIALIZED="false" VALID="true" SKELETONS_PATH="" VERSION="">
        <PathMappingSettings>
          <option name="pathMappings">
            <list>
              <mapping local-root="$USER_HOME$/.PyCharm2018.3/system/remote_sources/1335313691/1080555007" remote-root="/opt/anaconda/anaconda3/envs/tf1.12/lib/python3.6" />
              <mapping local-root="$USER_HOME$/.PyCharm2018.3/system/remote_sources/1335313691/1480214691" remote-root="/opt/anaconda/anaconda3/envs/tf1.12/lib/python3.6/site-packages" />
              <mapping local-root="$USER_HOME$/.PyCharm2018.3/system/remote_sources/1335313691/49992273" remote-root="/data/share/liuchang/PonyPluginSDK" />
              <mapping local-root="$USER_HOME$/.PyCharm2018.3/system/remote_sources/1335313691/757514249" remote-root="/mnt/raid3/anaconda/anaconda3/envs/tf1.12/lib/python3.6/site-packages" />
            </list>
          </option>
        </PathMappingSettings>
      </additional>
    </jdk>
    <jdk version="2">
      <name value="Remote Python 3.6.8 (sftp://liuchang@192.168.3.13:22/opt/anaconda/anaconda3/envs/tf1.12/bin/python3.6) (2)" />
      <type value="Python SDK" />
      <version value="Python 3.6.8" />
      <homePath value="sftp://liuchang@192.168.3.13:22/opt/anaconda/anaconda3/envs/tf1.12/bin/python3.6" />
      <roots>
        <classPath>
          <root type="composite">
            <root url="file://$USER_HOME$/.PyCharm2018.3/system/remote_sources/1335313691/1080555007" type="simple" />
            <root url="file://$USER_HOME$/.PyCharm2018.3/system/remote_sources/1335313691/1480214691" type="simple" />
            <root url="file://$USER_HOME$/.PyCharm2018.3/system/remote_sources/1335313691/49992273" type="simple" />
            <root url="file://$USER_HOME$/.PyCharm2018.3/system/remote_sources/1335313691/757514249" type="simple" />
            <root url="file://$USER_HOME$/.PyCharm2018.3/system/python_stubs/1335313691" type="simple" />
            <root url="file://$APPLICATION_HOME_DIR$/helpers/python-skeletons" type="simple" />
            <root url="file://$APPLICATION_HOME_DIR$/helpers/typeshed/stdlib/3" type="simple" />
            <root url="file://$APPLICATION_HOME_DIR$/helpers/typeshed/stdlib/2and3" type="simple" />
            <root url="file://$APPLICATION_HOME_DIR$/helpers/typeshed/third_party/3" type="simple" />
            <root url="file://$APPLICATION_HOME_DIR$/helpers/typeshed/third_party/2and3" type="simple" />
          </root>
        </classPath>
        <sourcePath>
          <root type="composite" />
        </sourcePath>
      </roots>
      <additional WEB_SERVER_CONFIG_ID="dd7e4ec6-f3fe-468f-bf59-16de9d73abbc" WEB_SERVER_CONFIG_NAME="hpc3" WEB_SERVER_CREDENTIALS_ID="sftp://liuchang@192.168.3.13:22" INTERPRETER_PATH="/opt/anaconda/anaconda3/envs/tf1.12/bin/python3.6" HELPERS_PATH="/mnt/raid3/home/liuchang/.pycharm_helpers" INITIALIZED="false" VALID="true" SKELETONS_PATH="" VERSION="">
        <PathMappingSettings>
          <option name="pathMappings">
            <list>
              <mapping local-root="$USER_HOME$/.PyCharm2018.3/system/remote_sources/1335313691/1080555007" remote-root="/opt/anaconda/anaconda3/envs/tf1.12/lib/python3.6" />
              <mapping local-root="$USER_HOME$/.PyCharm2018.3/system/remote_sources/1335313691/1480214691" remote-root="/opt/anaconda/anaconda3/envs/tf1.12/lib/python3.6/site-packages" />
              <mapping local-root="$USER_HOME$/.PyCharm2018.3/system/remote_sources/1335313691/49992273" remote-root="/data/share/liuchang/PonyPluginSDK" />
              <mapping local-root="$USER_HOME$/.PyCharm2018.3/system/remote_sources/1335313691/757514249" remote-root="/mnt/raid3/anaconda/anaconda3/envs/tf1.12/lib/python3.6/site-packages" />
            </list>
          </option>
        </PathMappingSettings>
      </additional>
    </jdk>
    <jdk version="2">
      <name value="Remote Python 3.6.8 (sftp://liuchang@192.168.3.13:22/opt/anaconda/anaconda3/envs/tf1.12/bin/python)" />
      <type value="Python SDK" />
      <version value="Python 3.6.8" />
      <homePath value="sftp://liuchang@192.168.3.13:22/opt/anaconda/anaconda3/envs/tf1.12/bin/python" />
      <roots>
        <classPath>
          <root type="composite">
            <root url="file://$USER_HOME$/.PyCharm2018.3/system/remote_sources/-1701016544/1080555007" type="simple" />
            <root url="file://$USER_HOME$/.PyCharm2018.3/system/remote_sources/-1701016544/1480214691" type="simple" />
            <root url="file://$USER_HOME$/.PyCharm2018.3/system/remote_sources/-1701016544/49992273" type="simple" />
            <root url="file://$USER_HOME$/.PyCharm2018.3/system/remote_sources/-1701016544/757514249" type="simple" />
            <root url="file://$USER_HOME$/.PyCharm2018.3/system/python_stubs/-1701016544" type="simple" />
            <root url="file://$APPLICATION_HOME_DIR$/helpers/python-skeletons" type="simple" />
            <root url="file://$APPLICATION_HOME_DIR$/helpers/typeshed/stdlib/3" type="simple" />
            <root url="file://$APPLICATION_HOME_DIR$/helpers/typeshed/stdlib/2and3" type="simple" />
            <root url="file://$APPLICATION_HOME_DIR$/helpers/typeshed/third_party/3" type="simple" />
            <root url="file://$APPLICATION_HOME_DIR$/helpers/typeshed/third_party/2and3" type="simple" />
          </root>
        </classPath>
        <sourcePath>
          <root type="composite" />
        </sourcePath>
      </roots>
      <additional WEB_SERVER_CONFIG_ID="dd7e4ec6-f3fe-468f-bf59-16de9d73abbc" WEB_SERVER_CONFIG_NAME="hpc3" WEB_SERVER_CREDENTIALS_ID="sftp://liuchang@192.168.3.13:22" INTERPRETER_PATH="/opt/anaconda/anaconda3/envs/tf1.12/bin/python" HELPERS_PATH="/mnt/raid3/home/liuchang/.pycharm_helpers" INITIALIZED="false" VALID="true" SKELETONS_PATH="" VERSION="">
        <PathMappingSettings>
          <option name="pathMappings">
            <list>
              <mapping local-root="$USER_HOME$/.PyCharm2018.3/system/remote_sources/-1701016544/1080555007" remote-root="/opt/anaconda/anaconda3/envs/tf1.12/lib/python3.6" />
              <mapping local-root="$USER_HOME$/.PyCharm2018.3/system/remote_sources/-1701016544/1480214691" remote-root="/opt/anaconda/anaconda3/envs/tf1.12/lib/python3.6/site-packages" />
              <mapping local-root="$USER_HOME$/.PyCharm2018.3/system/remote_sources/-1701016544/49992273" remote-root="/data/share/liuchang/PonyPluginSDK" />
              <mapping local-root="$USER_HOME$/.PyCharm2018.3/system/remote_sources/-1701016544/757514249" remote-root="/mnt/raid3/anaconda/anaconda3/envs/tf1.12/lib/python3.6/site-packages" />
            </list>
          </option>
        </PathMappingSettings>
      </additional>
    </jdk>
    <jdk version="2">
      <name value="Remote Python 2.7.16 (sftp://liuchang@192.168.3.13:22/opt/anaconda/anaconda3/envs/tf1.3/bin/python2.7)" />
      <type value="Python SDK" />
      <version value="Python 2.7.16" />
      <homePath value="sftp://liuchang@192.168.3.13:22/opt/anaconda/anaconda3/envs/tf1.3/bin/python2.7" />
      <roots>
        <classPath>
          <root type="composite">
            <root url="file://$USER_HOME$/.PyCharm2018.3/system/remote_sources/668253257/677320353" type="simple" />
            <root url="file://$USER_HOME$/.PyCharm2018.3/system/remote_sources/668253257/-1137568850" type="simple" />
            <root url="file://$USER_HOME$/.PyCharm2018.3/system/remote_sources/668253257/-1581347347" type="simple" />
            <root url="file://$USER_HOME$/.PyCharm2018.3/system/remote_sources/668253257/-837638715" type="simple" />
            <root url="file://$USER_HOME$/.PyCharm2018.3/system/python_stubs/668253257" type="simple" />
            <root url="file://$APPLICATION_HOME_DIR$/helpers/python-skeletons" type="simple" />
            <root url="file://$APPLICATION_HOME_DIR$/helpers/typeshed/stdlib/2" type="simple" />
            <root url="file://$APPLICATION_HOME_DIR$/helpers/typeshed/stdlib/2and3" type="simple" />
            <root url="file://$APPLICATION_HOME_DIR$/helpers/typeshed/third_party/2" type="simple" />
            <root url="file://$APPLICATION_HOME_DIR$/helpers/typeshed/third_party/2and3" type="simple" />
          </root>
        </classPath>
        <sourcePath>
          <root type="composite" />
        </sourcePath>
      </roots>
      <additional WEB_SERVER_CONFIG_ID="dfce5a4d-0033-441e-af1c-e08560e3effb" WEB_SERVER_CONFIG_NAME="hpc3-tf1.3" WEB_SERVER_CREDENTIALS_ID="sftp://liuchang@192.168.3.13:22" INTERPRETER_PATH="/opt/anaconda/anaconda3/envs/tf1.3/bin/python2.7" HELPERS_PATH="/mnt/raid3/home/liuchang/.pycharm_helpers" INITIALIZED="false" VALID="true" SKELETONS_PATH="" VERSION="">
        <PathMappingSettings>
          <option name="pathMappings">
            <list>
              <mapping local-root="$USER_HOME$/.PyCharm2018.3/system/remote_sources/668253257/677320353" remote-root="/opt/anaconda/anaconda3/envs/tf1.3/lib/python2.7" />
              <mapping local-root="$USER_HOME$/.PyCharm2018.3/system/remote_sources/668253257/-1137568850" remote-root="/opt/anaconda/anaconda3/envs/tf1.3/lib/python2.7/plat-linux2" />
              <mapping local-root="$USER_HOME$/.PyCharm2018.3/system/remote_sources/668253257/-1581347347" remote-root="/opt/anaconda/anaconda3/envs/tf1.3/lib/python2.7/lib-tk" />
              <mapping local-root="$USER_HOME$/.PyCharm2018.3/system/remote_sources/668253257/-837638715" remote-root="/opt/anaconda/anaconda3/envs/tf1.3/lib/python2.7/site-packages" />
            </list>
          </option>
        </PathMappingSettings>
      </additional>
    </jdk>
    <jdk version="2">
      <name value="Remote Python 3.6.8 (sftp://liuchang@192.168.3.13:22/opt/anaconda/anaconda3/envs/tf1.12/bin/python3.6) (3)" />
      <type value="Python SDK" />
      <version value="Python 3.6.8" />
      <homePath value="sftp://liuchang@192.168.3.13:22/opt/anaconda/anaconda3/envs/tf1.12/bin/python3.6" />
      <roots>
        <classPath>
          <root type="composite">
            <root url="file://$USER_HOME$/.PyCharm2018.3/system/remote_sources/1335313691/1080555007" type="simple" />
            <root url="file://$USER_HOME$/.PyCharm2018.3/system/remote_sources/1335313691/1480214691" type="simple" />
            <root url="file://$USER_HOME$/.PyCharm2018.3/system/remote_sources/1335313691/49992273" type="simple" />
            <root url="file://$USER_HOME$/.PyCharm2018.3/system/remote_sources/1335313691/757514249" type="simple" />
            <root url="file://$USER_HOME$/.PyCharm2018.3/system/python_stubs/1335313691" type="simple" />
            <root url="file://$APPLICATION_HOME_DIR$/helpers/python-skeletons" type="simple" />
            <root url="file://$APPLICATION_HOME_DIR$/helpers/typeshed/stdlib/3" type="simple" />
            <root url="file://$APPLICATION_HOME_DIR$/helpers/typeshed/stdlib/2and3" type="simple" />
            <root url="file://$APPLICATION_HOME_DIR$/helpers/typeshed/third_party/3" type="simple" />
            <root url="file://$APPLICATION_HOME_DIR$/helpers/typeshed/third_party/2and3" type="simple" />
          </root>
        </classPath>
        <sourcePath>
          <root type="composite" />
        </sourcePath>
      </roots>
      <additional WEB_SERVER_CONFIG_ID="dd7e4ec6-f3fe-468f-bf59-16de9d73abbc" WEB_SERVER_CONFIG_NAME="hpc3" WEB_SERVER_CREDENTIALS_ID="sftp://liuchang@192.168.3.13:22" INTERPRETER_PATH="/opt/anaconda/anaconda3/envs/tf1.12/bin/python3.6" HELPERS_PATH="/mnt/raid3/home/liuchang/.pycharm_helpers" INITIALIZED="false" VALID="true" SKELETONS_PATH="" VERSION="">
        <PathMappingSettings>
          <option name="pathMappings">
            <list>
              <mapping local-root="$USER_HOME$/.PyCharm2018.3/system/remote_sources/1335313691/1080555007" remote-root="/opt/anaconda/anaconda3/envs/tf1.12/lib/python3.6" />
              <mapping local-root="$USER_HOME$/.PyCharm2018.3/system/remote_sources/1335313691/1480214691" remote-root="/opt/anaconda/anaconda3/envs/tf1.12/lib/python3.6/site-packages" />
              <mapping local-root="$USER_HOME$/.PyCharm2018.3/system/remote_sources/1335313691/49992273" remote-root="/data/share/liuchang/PonyPluginSDK" />
              <mapping local-root="$USER_HOME$/.PyCharm2018.3/system/remote_sources/1335313691/757514249" remote-root="/mnt/raid3/anaconda/anaconda3/envs/tf1.12/lib/python3.6/site-packages" />
            </list>
          </option>
        </PathMappingSettings>
      </additional>
    </jdk>
    <jdk version="2">
      <name value="Remote Python 3.6.2 (sftp://liuchang@192.168.3.12:22/home/liuchang/.conda/envs/tf1.12/bin/python)" />
      <type value="Python SDK" />
      <version value="Python 3.6.2" />
      <homePath value="sftp://liuchang@192.168.3.12:22/home/liuchang/.conda/envs/tf1.12/bin/python" />
      <roots>
        <classPath>
          <root type="composite">
            <root url="file://$USER_HOME$/.PyCharm2018.3/system/remote_sources/1008444558/-681968110" type="simple" />
            <root url="file://$USER_HOME$/.PyCharm2018.3/system/remote_sources/1008444558/1715942262" type="simple" />
            <root url="file://$USER_HOME$/.PyCharm2018.3/system/python_stubs/1008444558" type="simple" />
            <root url="file://$APPLICATION_HOME_DIR$/helpers/python-skeletons" type="simple" />
            <root url="file://$APPLICATION_HOME_DIR$/helpers/typeshed/stdlib/3" type="simple" />
            <root url="file://$APPLICATION_HOME_DIR$/helpers/typeshed/stdlib/2and3" type="simple" />
            <root url="file://$APPLICATION_HOME_DIR$/helpers/typeshed/third_party/3" type="simple" />
            <root url="file://$APPLICATION_HOME_DIR$/helpers/typeshed/third_party/2and3" type="simple" />
          </root>
        </classPath>
        <sourcePath>
          <root type="composite" />
        </sourcePath>
      </roots>
      <additional WEB_SERVER_CONFIG_ID="5c94047c-60e0-4ad3-9f4d-06cfecba4220" WEB_SERVER_CONFIG_NAME="liuchang@192.168.3.12:22" WEB_SERVER_CREDENTIALS_ID="sftp://liuchang@192.168.3.12:22" INTERPRETER_PATH="$USER_HOME$/.conda/envs/tf1.12/bin/python" HELPERS_PATH="/mnt/raid2/home/liuchang/.pycharm_helpers" INITIALIZED="false" VALID="true" SKELETONS_PATH="" VERSION="">
        <PathMappingSettings>
          <option name="pathMappings">
            <list>
              <mapping local-root="$USER_HOME$/.PyCharm2018.3/system/remote_sources/1008444558/-681968110" remote-root="/home/liuchang/.conda/envs/tf1.12/lib/python3.6" />
              <mapping local-root="$USER_HOME$/.PyCharm2018.3/system/remote_sources/1008444558/1715942262" remote-root="/home/liuchang/.conda/envs/tf1.12/lib/python3.6/site-packages" />
            </list>
          </option>
        </PathMappingSettings>
      </additional>
    </jdk>
  </component>
</application>