<application>
  <component name="AppInspectionProfilesVisibleTreeState">
    <entry key="Default">
      <profile-state>
        <expanded-state>
          <State />
          <State>
            <id>Python</id>
          </State>
        </expanded-state>
        <selected-state>
          <State>
            <id>PyPep8Inspection</id>
          </State>
        </selected-state>
      </profile-state>
    </entry>
  </component>
  <component name="PropertiesComponent">
    <property name="AFTER.DISTRACTION.MODE.ARE_GUTTER_ICONS_SHOWN" value="false" />
    <property name="AFTER.DISTRACTION.MODE.ARE_LINE_NUMBERS_SHOWN" value="false" />
    <property name="AFTER.DISTRACTION.MODE.EDITOR_TAB_PLACEMENT" value="0" />
    <property name="AFTER.DISTRACTION.MODE.HIDE_TOOL_STRIPES" value="true" />
    <property name="AFTER.DISTRACTION.MODE.IS_FOLDING_OUTLINE_SHOWN" value="false" />
    <property name="AFTER.DISTRACTION.MODE.IS_INDENT_GUIDES_SHOWN" value="false" />
    <property name="AFTER.DISTRACTION.MODE.IS_RIGHT_MARGIN_SHOWN" value="false" />
    <property name="AFTER.DISTRACTION.MODE.IS_WHITESPACES_SHOWN" value="false" />
    <property name="AFTER.DISTRACTION.MODE.SHOW_BREADCRUMBS" value="false" />
    <property name="AFTER.DISTRACTION.MODE.SHOW_MAIN_TOOLBAR" value="false" />
    <property name="AFTER.DISTRACTION.MODE.SHOW_METHOD_SEPARATORS" value="false" />
    <property name="AFTER.DISTRACTION.MODE.SHOW_NAVIGATION_BAR" value="false" />
    <property name="AFTER.DISTRACTION.MODE.SHOW_STATUS_BAR" value="false" />
    <property name="BEFORE.DISTRACTION.MODE.ARE_GUTTER_ICONS_SHOWN" value="true" />
    <property name="BEFORE.DISTRACTION.MODE.ARE_LINE_NUMBERS_SHOWN" value="true" />
    <property name="BEFORE.DISTRACTION.MODE.EDITOR_TAB_PLACEMENT" value="1" />
    <property name="BEFORE.DISTRACTION.MODE.HIDE_TOOL_STRIPES" value="false" />
    <property name="BEFORE.DISTRACTION.MODE.IS_FOLDING_OUTLINE_SHOWN" value="true" />
    <property name="BEFORE.DISTRACTION.MODE.IS_INDENT_GUIDES_SHOWN" value="true" />
    <property name="BEFORE.DISTRACTION.MODE.IS_RIGHT_MARGIN_SHOWN" value="true" />
    <property name="BEFORE.DISTRACTION.MODE.IS_WHITESPACES_SHOWN" value="false" />
    <property name="BEFORE.DISTRACTION.MODE.SHOW_BREADCRUMBS" value="true" />
    <property name="BEFORE.DISTRACTION.MODE.SHOW_MAIN_TOOLBAR" value="false" />
    <property name="BEFORE.DISTRACTION.MODE.SHOW_METHOD_SEPARATORS" value="false" />
    <property name="BEFORE.DISTRACTION.MODE.SHOW_NAVIGATION_BAR" value="true" />
    <property name="BEFORE.DISTRACTION.MODE.SHOW_STATUS_BAR" value="true" />
    <property name="CommitChangeListDialog.DETAILS_SPLITTER_PROPORTION_2" value="0.61" />
    <property name="Copy.OpenInEditor" value="true" />
    <property name="DocumentationAutoUpdateEnabled" value="true" />
    <property name="ExpandBeforeRunStepsPanel" value="true" />
    <property name="ExpandRunDashboardTypesPanel" value="false" />
    <property name="FileTemplates.CurrentTab" value="Code" />
    <property name="FileTemplates.SelectedTemplate" value="JavaScript Implemented Method Body" />
    <property name="INSPECTION_FILTER_HISTORY" value="sha&#10;pep" />
    <property name="KEYMAP" value="dele&#10;select&#10;upload&#10;sync&#10;forma" />
    <property name="LayoutCode.optimizeImports" value="false" />
    <property name="MemberChooser.copyJavadoc" value="false" />
    <property name="MemberChooser.showClasses" value="true" />
    <property name="PACKAGE_FILTER" value="fasttex&#10;request&#10;tensorf&#10;numpy" />
    <property name="PluginConfigurable.selectionTab" value="1" />
    <property name="PyCharm.InitialConfiguration" value="true" />
    <property name="PyCharm.InitialConfiguration.V2" value="true" />
    <property name="PyCharm.InitialConfiguration.V3" value="true" />
    <property name="PyCharm.InitialConfiguration.V4" value="true" />
    <property name="PyCharm.InitialConfiguration.V5" value="true" />
    <property name="PyCharm.InitialConfiguration.V6" value="true" />
    <property name="PyCharm.InitialConfiguration.V7" value="true" />
    <property name="PyCharm.initialConfigurationShown" value="true" />
    <property name="SettingsSearchHistory" value="surround" />
    <property name="ShowDocumentationInToolWindow" value="false" />
    <property name="SingleInspectionProfilePanel.VERTICAL_DIVIDER_PROPORTION" value="0.49896908" />
    <property name="SplitFileEditor.Proportion" value="0.61573607" />
    <property name="TrendingPluginsSearchHistory" value="bash&#10;sh" />
    <property name="com.intellij.history.integration.ui.views.FileHistoryDialog.0" value="300" />
    <property name="com.intellij.history.integration.ui.views.FileHistoryDialog.1" value="800" />
    <property name="com.intellij.history.integration.ui.views.SelectionHistoryDialog.0" value="300" />
    <property name="com.intellij.history.integration.ui.views.SelectionHistoryDialog.1" value="800" />
    <property name="dir.diff.panel.divider.location" value="466" />
    <property name="dir.diff.space.button.info" value="3" />
    <property name="evlsprt3.183" value="14" />
    <property name="file.chooser.recent.files" value="$USER_HOME$/projects/train_bert_lm&#10;/home/liuchang/projects/labs-demo-models&#10;/home/liuchang/projects/weitao/clothes_lvls.csv&#10;/home/liuchang/projects/eigen-opennmt&#10;/home/liuchang/projects/eigen-fasttext-0.8.22/python/README.md&#10;/home/liuchang/projects/eigen-fasttext-0.8.22/setup.py&#10;/home/liuchang/projects/1688-models&#10;/home/liuchang/projects/zm_poem_model&#10;/home/liuchang/projects/weitao/title_classification_fasttext_0.8.3.py&#10;/home/liuchang/下载/weitao_sku.ipynb&#10;/home/liuchang/projects/fastText&#10;/home/liuchang/projects&#10;/home/liuchang/projects/Exercises&#10;/home/liuchang/projects/CGMH&#10;/home/liuchang/projects/bert_modularized&#10;/home/liuchang/projects/bert_ modularized&#10;/home/liuchang/projects/multi-car-label-extract-model&#10;/home/liuchang/projects/bert_extract_phrase&#10;/home/liuchang/projects/bert/run_multilabels_classifier_sequence_layer.py&#10;/home/liuchang/projects/bert/run_token_level_classifier.py&#10;/home/liuchang/projects/bert/run_multilabels_classifier.py&#10;/home/liuchang/projects/bert/run_classifier.py&#10;/home/liuchang/projects/tensor2tensor/tensor2tensor/data_generators&#10;/home/liuchang/projects/tensor2tensor/tensor2tensor&#10;/home/liuchang/projects/bert/checkpoint_utils.py&#10;/home/liuchang/projects/bert/checkpoint_utils.py.1&#10;/home/liuchang/projects/bert&#10;/home/liuchang/projects/tensor2tensor&#10;/home/liuchang/projects/pytcharm_setting&#10;/home/liuchang/projects/mask_comments" />
    <property name="file.gist.reindex.count" value="100747" />
    <property name="fileTypeChangedCounter" value="7" />
    <property name="find.popup.splitter" value="0.31592688" />
    <property name="lastTip" value="36" />
    <property name="plugins.preselection.path" value="$USER_HOME$/下载" />
    <property name="quick.doc.font.size" value="LARGE" />
    <property name="selected.color.option.type" value="IDENTIFIER_UNDER_CARET_ATTRIBUTES" />
    <property name="structural.search.match.case" value="true" />
    <property name="structural.search.recursive" value="true" />
    <property name="ts.lib.d.ts.version" value="3.2.1" />
    <property name="vcs.log.details.splitter.proportion" value="0.55573773" />
  </component>
  <component name="PyTestFrameworkService">
    <option name="SDK_TO_PYTEST">
      <map>
        <entry key="/usr/bin/python3.6" value="false" />
        <entry key="sftp://liuchang@192.168.3.11:22/home/liuchang/.conda/envs/liu_tf1.12/bin/python3" value="false" />
        <entry key="sftp://liuchang@192.168.3.12:22/home/liuchang/.conda/envs/liu_tf1.12/bin/python3" value="true" />
        <entry key="sftp://liuchang@192.168.3.12:22/home/liuchang/.conda/envs/tf1.12/bin/python" value="false" />
        <entry key="sftp://liuchang@192.168.3.13:22/opt/anaconda/anaconda3/envs/tf1.12/bin/python" value="false" />
        <entry key="sftp://liuchang@192.168.3.13:22/opt/anaconda/anaconda3/envs/tf1.12/bin/python3.6" value="false" />
        <entry key="sftp://liuchang@192.168.3.13:22/opt/anaconda/anaconda3/envs/tf1.3/bin/python2.7" value="false" />
      </map>
    </option>
    <option name="SDK_TO_NOSETEST">
      <map>
        <entry key="/usr/bin/python3.6" value="false" />
        <entry key="sftp://liuchang@192.168.3.11:22/home/liuchang/.conda/envs/liu_tf1.12/bin/python3" value="false" />
        <entry key="sftp://liuchang@192.168.3.12:22/home/liuchang/.conda/envs/liu_tf1.12/bin/python3" value="false" />
        <entry key="sftp://liuchang@192.168.3.12:22/home/liuchang/.conda/envs/tf1.12/bin/python" value="false" />
        <entry key="sftp://liuchang@192.168.3.13:22/opt/anaconda/anaconda3/envs/tf1.12/bin/python" value="false" />
        <entry key="sftp://liuchang@192.168.3.13:22/opt/anaconda/anaconda3/envs/tf1.12/bin/python3.6" value="false" />
        <entry key="sftp://liuchang@192.168.3.13:22/opt/anaconda/anaconda3/envs/tf1.3/bin/python2.7" value="false" />
      </map>
    </option>
    <option name="SDK_TO_TRIALTEST">
      <map>
        <entry key="/usr/bin/python3.6" value="false" />
        <entry key="sftp://liuchang@192.168.3.11:22/home/liuchang/.conda/envs/liu_tf1.12/bin/python3" value="false" />
        <entry key="sftp://liuchang@192.168.3.12:22/home/liuchang/.conda/envs/liu_tf1.12/bin/python3" value="false" />
        <entry key="sftp://liuchang@192.168.3.12:22/home/liuchang/.conda/envs/tf1.12/bin/python" value="false" />
        <entry key="sftp://liuchang@192.168.3.13:22/opt/anaconda/anaconda3/envs/tf1.12/bin/python" value="false" />
        <entry key="sftp://liuchang@192.168.3.13:22/opt/anaconda/anaconda3/envs/tf1.12/bin/python3.6" value="false" />
        <entry key="sftp://liuchang@192.168.3.13:22/opt/anaconda/anaconda3/envs/tf1.3/bin/python2.7" value="false" />
      </map>
    </option>
  </component>
</application>