<application>
  <component name="WebServers">
    <option name="servers">
      <webServer id="003919fb-5bda-49fb-ae76-80806e510287" name="hpc1" url="http://192.168.3.11">
        <fileTransfer host="192.168.3.11" port="22" rootFolder="/data/share/liuchang/" accessType="SFTP">
          <advancedOptions>
            <advancedOptions dataProtectionLevel="Private" passiveMode="true" shareSSLContext="true" />
          </advancedOptions>
          <option name="port" value="22" />
        </fileTransfer>
      </webServer>
      <webServer id="63bc1b88-7f5a-4ea1-95e0-7f40918ebfce" name="hpc2" url="http://192.168.3.12">
        <fileTransfer host="192.168.3.12" port="22" rootFolder="/data/share/liuchang/" accessType="SFTP">
          <advancedOptions>
            <advancedOptions dataProtectionLevel="Private" passiveMode="true" shareSSLContext="true" />
          </advancedOptions>
          <option name="port" value="22" />
        </fileTransfer>
      </webServer>
      <webServer id="dd7e4ec6-f3fe-468f-bf59-16de9d73abbc" name="hpc3" url="http://192.168.3.13">
        <fileTransfer host="192.168.3.13" port="22" rootFolder="/data/share/liuchang/" accessType="SFTP">
          <advancedOptions>
            <advancedOptions dataProtectionLevel="Private" passiveMode="true" shareSSLContext="true" />
          </advancedOptions>
          <option name="port" value="22" />
        </fileTransfer>
      </webServer>
      <webServer id="dfce5a4d-0033-441e-af1c-e08560e3effb" name="hpc3-tf1.3" url="http://192.168.3.13">
        <fileTransfer host="192.168.3.13" port="22" rootFolder="/data/share/liuchang/" accessType="SFTP">
          <advancedOptions>
            <advancedOptions dataProtectionLevel="Private" passiveMode="true" shareSSLContext="true" />
          </advancedOptions>
          <option name="port" value="22" />
        </fileTransfer>
      </webServer>
      <webServer id="5c94047c-60e0-4ad3-9f4d-06cfecba4220" name="liuchang@192.168.3.12:22" url="http:///">
        <fileTransfer host="192.168.3.12" port="22" accessType="SFTP" authAgent="true">
          <option name="port" value="22" />
        </fileTransfer>
      </webServer>
    </option>
  </component>
</application>